#Gene Name	Gene ID	LSV ID	E(dPSI) per LSV junction	P(|dPSI|>=0.20) per LSV junction	GTEX-12WSD_Brain-Cerebellum, E(PSI)	GTEX-12WSD_Brain-Cortex E(PSI)	LSV Type	A5SS	A3SS	ES	Num. Junctions	Num. Exons	De Novo Junctions	chr	strand	Junctions coords	Exons coords	Exons Alternative Start	Exons Alternative End	IR coords	Voila link
GPSM2	ENSG00000121957	ENSG00000121957:109444412-109444567:source	-1.26544415791e-05;1.26544415807e-05	7.31639109999e-12;7.31639109999e-12	0.051;0.949	0.049;0.951	s|1e2.3o3|2e1.1o1	True	False	True	2	3	0;0	chr1	+	109444566-109457004;109444567-109445748	109444412-109444567;109445748-109445856;109456960-109457030			
GPSM2	ENSG00000121957	ENSG00000121957:109419359-109419850:source	-1.13963964716e-06;3.15417880208e-08;0.000227467902679;1.31217201012e-07;0.00337867810952;-4.32020233874e-05;-0.00852557982245	5.8057386099e-15;4.1710228277e-15;7.75654579439e-08;8.59195807981e-13;0.00877894961067;1.2566990943e-07;0.00490677775402	0.023;0.015;0.006;0.026;0.707;0.101;0.122	0.011;0.010;0.063;0.021;0.762;0.091;0.041	s|1e5.2o2|2e1.3o3|2e2.1o2|2e2.2o2|2e3.1o2|2e3.2o2|2e4.1o1	True	True	True	7	6	0;0;0;0;0;0;0	chr1	+	109419849-109441265;109419850-109420153;109419850-109425098;109419850-109425202;109419850-109427897;109419850-109428129;109419850-109439486	109419359-109419850;109419878-109420396;109425098-109425247;109425098-109425247;109427897-109428200;109427897-109428200;109439486-109439707;109441264-109441387
